{
  "pageStrategy": "html5",
  "modules": {
    "base": "antie/devices/browserdevice",
    "modifiers": [
      "antie/devices/anim/noanim",
      "antie/devices/mediaplayer/html5",
      "antie/devices/mediaplayer/live/none",
      "antie/devices/data/nativejson",
      "antie/devices/storage/cookie",
      "antie/devices/logging/onscreen",
      "antie/devices/logging/xhr",
      "antie/devices/logging/jstestdriver",
      "antie/devices/exit/netcast",
      "antie/devices/parentalguidance/appdefaultpghandler",
      "homeapp/modifiers/keymapmodifier"
    ]
  },
  "logging": {
    "level": "none"
  },
  "streaming": {
    "video": {
      "mediaURIFormat": "%href%",
      "supported": [
        {
          "protocols": [
            "http"
          ],
          "encodings": [
            "h264"
          ],
          "transferFormat": [
            "hls",
            "plain"
          ],
          "maximumBitRate": 3600,
          "maximumVideoLines": 1080
        }
      ]
    },
    "audio": {
      "mediaURIFormat": "%href%",
      "supported": [
        {
          "protocols": [
            "http"
          ],
          "encodings": [
            "aac"
          ],
          "maximumBitRate": 192
        }
      ]
    }
  },
  "input": {
    "map": {
      "13": "ENTER",
      "37": "LEFT",
      "38": "UP",
      "39": "RIGHT",
      "40": "DOWN",
      "415": "PLAY",
      "19": "PAUSE",
      "413": "STOP",
      "417": "FAST_FWD",
      "412": "REWIND",
      "461": "BACK",
      "457": "INFO",
      "458": "GUIDE",
      "602": "PORTAL",
      "48": "0",
      "49": "1",
      "50": "2",
      "51": "3",
      "52": "4",
      "53": "5",
      "54": "6",
      "55": "7",
      "56": "8",
      "57": "9"
    }
  },
  "accessibility": {
    "captions": {
      "supported": [
        "application/ttaf+xml"
      ]
    }
  },
  "layouts": [
    {
      "width": 960,
      "height": 540,
      "module": "%application%/appui/layouts/540p",
      "classes": [
        "browserdevice540p"
      ]
    },
    {
      "width": 1280,
      "height": 720,
      "module": "%application%/appui/layouts/720p",
      "classes": [
        "browserdevice720p"
      ]
    },
    {
      "width": 1920,
      "height": 1080,
      "module": "%application%/appui/layouts/1080p",
      "classes": [
        "browserdevice1080p"
      ]
    }
  ],
  "networking": {
    "supportsJSONP": true
  },
  "capabilities": [],
  "statLabels": {
    "deviceType": "smarttv",
    "serviceType": "retail",
    "browserType": "chromium"
  }
}
